<?xml version="1.0" encoding="ISO-8859-1"?>
<!DOCTYPE UFM_Workflow SYSTEM "UFM_Workflow.dtd">
<UFM_Workflow>
  <Global onerrorfail="N">
    <LogFile>/sysout/ufm/IIBSYNDICATE_OUTWARD_WORKFLOW.log</LogFile>
    <Log4JFile>/usr/mqm/Capitalware/UFM/IIB_log4j.properties</Log4JFile>
    <OnError>
      <SendEmail xmlfile="IIBSYNDICATE_SENDEMAIL_OUTWARD.xml" />
    </OnError>
  </Global>

  <Actions>

    <Watch pollinterval="5">

<!--********************************KVGB START*******************************************************-->
      <WatchItem type="D">
        <Directory sendonstartup="Y">/var/iib/interface/kvgb/rtgs/outward/file_backup/KVGB/R41</Directory>
        <Extension>Done</Extension>
        <Actions>
          <MQSend delete="N" format="S">
            <File>${WATCH_FOUND_FILE}</File>
            <MQ>
              <MQFile>IIB_MQFILE.xml</MQFile>
              <QueueName>IIBSYNDICATE.TO.CBS29.DONE</QueueName>
              <BackOutQName>IIBSYNDICATE.TO.CBS29.DONE.FAIL</BackOutQName>
            </MQ>
			<Archive todir="/var/iib/interface/kvgb/rtgs/outward/file_backup/KVGB/R41/Archive"/>
            <Remote>
              <Directory>/fns/kd/r/spool/Interfaces/RTGS/OUTWARD/</Directory>
            </Remote>
          </MQSend>
        </Actions>
      </WatchItem>

      <WatchItem type="D">
        <Directory sendonstartup="Y">/var/iib/interface/kvgb/neft/outward/file_backup/KVGB/N06</Directory>
        <Extension>Done</Extension>
        <Actions>
          <MQSend delete="N" format="S">
            <File>${WATCH_FOUND_FILE}</File>
            <MQ>
              <MQFile>IIB_MQFILE.xml</MQFile>
              <QueueName>IIBSYNDICATE.TO.CBS29.DONE</QueueName>
              <BackOutQName>IIBSYNDICATE.TO.CBS29.DONE.FAIL</BackOutQName>
            </MQ>
			<Archive todir="/var/iib/interface/kvgb/neft/outward/file_backup/KVGB/N06/Archive"/>
            <Remote>
              <Directory>/fns/kd/r/spool/Interfaces/NEFT/OUTGOING/</Directory>
            </Remote>
          </MQSend>
        </Actions>
      </WatchItem>

      <WatchItem type="D">
        <Directory sendonstartup="Y">/var/iib/interface/kvgb/neft/outward/file_backup/KVGB/N10</Directory>
        <Extension>Done</Extension>
        <Actions>
          <MQSend delete="Y" format="S">
            <File>${WATCH_FOUND_FILE}</File>
            <MQ>
              <MQFile>IIB_MQFILE.xml</MQFile>
              <QueueName>IIBSYNDICATE.TO.CBS29.DONE</QueueName>
              <BackOutQName>IIBSYNDICATE.TO.CBS29.DONE.FAIL</BackOutQName>
            </MQ>
            <Remote>
              <Directory>/fns/kd/r/spool/Interfaces/NEFT/OUTGOING/N10-OUTGOING/</Directory>
            </Remote>
          </MQSend>
        </Actions>
      </WatchItem>

      <WatchItem type="D">
        <Directory sendonstartup="Y">/var/iib/interface/kvgb/rtgs/outward/file_backup/KVGB/RR42</Directory>
        <Extension>Done</Extension>
        <Actions>
          <MQSend delete="Y" format="S">
            <File>${WATCH_FOUND_FILE}</File>
            <MQ>
              <MQFile>IIB_MQFILE.xml</MQFile>
              <QueueName>IIBSYNDICATE.TO.CBS29.DONE</QueueName>
              <BackOutQName>IIBSYNDICATE.TO.CBS29.DONE.FAIL</BackOutQName>
            </MQ>
            <Remote>
              <Directory>/fns/kd/r/spool/Interfaces/RTGS/RR42-OUTWARD/</Directory>
            </Remote>
          </MQSend>
        </Actions>
      </WatchItem>

      <WatchItem type="D">
        <Directory sendonstartup="Y">/var/iib/interface/kvgb/rtgs/outward/file_backup/KVGB/N10</Directory>
        <Extension>Done</Extension>
        <Actions>
          <MQSend delete="Y" format="S">
            <File>${WATCH_FOUND_FILE}</File>
            <MQ>
              <MQFile>IIB_MQFILE.xml</MQFile>
              <QueueName>IIBSYNDICATE.TO.CBS29.DONE</QueueName>
              <BackOutQName>IIBSYNDICATE.TO.CBS29.DONE.FAIL</BackOutQName>
            </MQ>
            <Remote>
              <Directory>/fns/kd/r/spool/Interfaces/RTGS/N10-OUTWARD/</Directory>
            </Remote>
          </MQSend>
        </Actions>
      </WatchItem>
<!--********************************KVGB END*******************************************************-->

<!--********************************APGB START*******************************************************-->
      <WatchItem type="D">
        <Directory sendonstartup="Y">/var/iib/interface/kvgb/rtgs/outward/file_backup/APGB/R41</Directory>
        <Extension>Done</Extension>
        <Actions>
          <MQSend delete="N" format="S">
            <File>${WATCH_FOUND_FILE}</File>
            <MQ>
              <MQFile>IIB_MQFILE.xml</MQFile>
              <QueueName>IIBSYNDICATE.TO.CBS34.DONE</QueueName>
              <BackOutQName>IIBSYNDICATE.TO.CBS34.DONE.FAIL</BackOutQName>
            </MQ>
			<Archive todir="/var/iib/interface/kvgb/rtgs/outward/file_backup/APGB/R41/Archive"/>
            <Remote>
              <Directory>/fns/rd/r/spool/Interfaces/RTGS/OUTWARD/</Directory>
            </Remote>
          </MQSend>
        </Actions>
      </WatchItem>

      <WatchItem type="D">
        <Directory sendonstartup="Y">/var/iib/interface/kvgb/neft/outward/file_backup/APGB/N06</Directory>
        <Extension>Done</Extension>
        <Actions>
          <MQSend delete="N" format="S">
            <File>${WATCH_FOUND_FILE}</File>
            <MQ>
              <MQFile>IIB_MQFILE.xml</MQFile>
              <QueueName>IIBSYNDICATE.TO.CBS34.DONE</QueueName>
              <BackOutQName>IIBSYNDICATE.TO.CBS34.DONE.FAIL</BackOutQName>
            </MQ>
			<Archive todir="/var/iib/interface/kvgb/neft/outward/file_backup/APGB/N06/Archive"/>
            <Remote>
              <Directory>/fns/rd/r/spool/Interfaces/NEFT/OUTGOING/</Directory>
            </Remote>
          </MQSend>
        </Actions>
      </WatchItem>

      <WatchItem type="D">
        <Directory sendonstartup="Y">/var/iib/interface/kvgb/neft/outward/file_backup/APGB/N10</Directory>
        <Extension>Done</Extension>
        <Actions>
          <MQSend delete="Y" format="S">
            <File>${WATCH_FOUND_FILE}</File>
            <MQ>
              <MQFile>IIB_MQFILE.xml</MQFile>
              <QueueName>IIBSYNDICATE.TO.CBS34.DONE</QueueName>
              <BackOutQName>IIBSYNDICATE.TO.CBS34.DONE.FAIL</BackOutQName>
            </MQ>
            <Remote>
              <Directory>/fns/rd/r/spool/Interfaces/NEFT/OUTGOING/N10-OUTGOING/</Directory>
            </Remote>
          </MQSend>
        </Actions>
      </WatchItem>

      <WatchItem type="D">
        <Directory sendonstartup="Y">/var/iib/interface/kvgb/rtgs/outward/file_backup/APGB/RR42</Directory>
        <Extension>Done</Extension>
        <Actions>
          <MQSend delete="Y" format="S">
            <File>${WATCH_FOUND_FILE}</File>
            <MQ>
              <MQFile>IIB_MQFILE.xml</MQFile>
              <QueueName>IIBSYNDICATE.TO.CBS34.DONE</QueueName>
              <BackOutQName>IIBSYNDICATE.TO.CBS34.DONE.FAIL</BackOutQName>
            </MQ>
            <Remote>
              <Directory>/fns/rd/r/spool/Interfaces/RTGS/RR42-OUTWARD/</Directory>
            </Remote>
          </MQSend>
        </Actions>
      </WatchItem>

      <WatchItem type="D">
        <Directory sendonstartup="Y">/var/iib/interface/kvgb/rtgs/outward/file_backup/APGB/N10</Directory>
        <Extension>Done</Extension>
        <Actions>
          <MQSend delete="Y" format="S">
            <File>${WATCH_FOUND_FILE}</File>
            <MQ>
              <MQFile>IIB_MQFILE.xml</MQFile>
              <QueueName>IIBSYNDICATE.TO.CBS34.DONE</QueueName>
              <BackOutQName>IIBSYNDICATE.TO.CBS34.DONE.FAIL</BackOutQName>
            </MQ>
            <Remote>
              <Directory>/fns/rd/r/spool/Interfaces/RTGS/N10-OUTWARD/</Directory>
            </Remote>
          </MQSend>
        </Actions>
      </WatchItem>
<!--********************************APGB END*******************************************************-->

    </Watch>

  </Actions>
</UFM_Workflow>
