<?xml version="1.0" encoding="ISO-8859-1"?>
<!DOCTYPE UFM_Workflow SYSTEM "UFM_Workflow.dtd">
<UFM_Workflow>
  <Global onerrorfail="N">
    <LogFile>/sysout/ufm/IIBSYNDICATE_INWARD_WORKFLOW.log</LogFile>
    <Log4JFile>/usr/mqm/Capitalware/UFM/IIB_log4j.properties</Log4JFile>
    <OnError>
      <SendEmail xmlfile="IIBSYNDICATE_SENDEMAIL_INWARD.xml" />
    </OnError>
  </Global>

  <Actions>

    <Watch pollinterval="5">

<!--*************************************KVGB START************************************************************-->
      <WatchItem type="D">
        <Directory sendonstartup="Y">/var/iib/interface/kvgb/rtgs/inward/file_backup/KVGB/R41</Directory>
        <Extension>TXT</Extension>
        <Actions>
          <MQSend delete="N" format="S">
            <File>${WATCH_FOUND_FILE}</File>
            <MQ>
              <MQFile>IIB_MQFILE.xml</MQFile>
              <QueueName>IIBSYNDICATE.TO.CBS29.IN</QueueName>
              <BackOutQName>IIBSYNDICATE.TO.CBS29.IN.FAIL</BackOutQName>
            </MQ>
	         <Archive todir="/var/iib/interface/kvgb/rtgs/inward/file_backup/KVGB/R41/Archive"/>
            <Remote>
              <Directory>/fns/kd/r/spool/Interfaces/RTGS/INWARD/</Directory>
            </Remote>
          </MQSend>
        </Actions>
      </WatchItem>

          <WatchItem type="D">
        <Directory sendonstartup="Y">/var/iib/interface/kvgb/neft/inward/file_backup/KVGB/N02</Directory>
        <Extension>TXT</Extension>
        <Actions>
          <MQSend delete="N" format="S">
            <File>${WATCH_FOUND_FILE}</File>
            <MQ>
              <MQFile>IIB_MQFILE.xml</MQFile>
              <QueueName>IIBSYNDICATE.TO.CBS29.IN</QueueName>
              <BackOutQName>IIBSYNDICATE.TO.CBS29.IN.FAIL</BackOutQName>
            </MQ>
	     <Archive todir="/var/iib/interface/kvgb/neft/inward/file_backup/KVGB/N02/Archive"/>
            <Remote>
              <Directory>/fns/kd/r/spool/Interfaces/NEFT/INCOMING/N02</Directory>
            </Remote>
          </MQSend>
        </Actions>
      </WatchItem>

      <WatchItem type="D">
        <Directory sendonstartup="Y">/var/iib/interface/kvgb/neft/inward/file_backup/KVGB/N09</Directory>
        <Extension>TXT</Extension>
        <Actions>
          <MQSend delete="Y" format="S">
            <File>${WATCH_FOUND_FILE}</File>
            <MQ>
              <MQFile>IIB_MQFILE.xml</MQFile>
              <QueueName>IIBSYNDICATE.TO.CBS29.IN</QueueName>
              <BackOutQName>IIBSYNDICATE.TO.CBS29.IN.FAIL</BackOutQName>
            </MQ>
            <Remote>
              <Directory>/fns/kd/r/spool/Interfaces/RTGS/RTGS-INCOMING-RBI/</Directory>
            </Remote>
          </MQSend>
        </Actions>
      </WatchItem>
          
      <WatchItem type="D">
        <Directory sendonstartup="Y">/var/iib/interface/kvgb/neft/inward/file_backup/KVGB/N10</Directory>
        <Extension>TXT</Extension>
        <Actions>
          <MQSend delete="Y" format="S">
            <File>${WATCH_FOUND_FILE}</File>
            <MQ>
              <MQFile>IIB_MQFILE.xml</MQFile>
              <QueueName>IIBSYNDICATE.TO.CBS29.IN</QueueName>
              <BackOutQName>IIBSYNDICATE.TO.CBS29.IN.FAIL</BackOutQName>
            </MQ>
            <Remote>
              <Directory>/fns/kd/r/spool/Interfaces/NEFT/INCOMING/N10-INCOMING/</Directory>
            </Remote>
          </MQSend>
        </Actions>
      </WatchItem>
          
      <WatchItem type="D">
        <Directory sendonstartup="Y">/var/iib/interface/kvgb/neft/inward/file_backup/KVGB/F27</Directory>
        <Extension>TXT</Extension>
        <Actions>
          <MQSend delete="Y" format="S">
            <File>${WATCH_FOUND_FILE}</File>
            <MQ>
              <MQFile>IIB_MQFILE.xml</MQFile>
              <QueueName>IIBSYNDICATE.TO.CBS29.IN</QueueName>
              <BackOutQName>IIBSYNDICATE.TO.CBS29.IN.FAIL</BackOutQName>
            </MQ>
            <Remote>
              <Directory>/fns/kd/r/spool/Interfaces/NEFT/INCOMING/OUTGOING-RESPONSE/</Directory>
            </Remote>
          </MQSend>
        </Actions>
      </WatchItem>

          <WatchItem type="D">
        <Directory sendonstartup="Y">/var/iib/interface/kvgb/neft/inward/file_backup/KVGB/N04</Directory>
        <Extension>TXT</Extension>
        <Actions>
          <MQSend delete="Y" format="S">
            <File>${WATCH_FOUND_FILE}</File>
            <MQ>
              <MQFile>IIB_MQFILE.xml</MQFile>
              <QueueName>IIBSYNDICATE.TO.CBS29.IN</QueueName>
              <BackOutQName>IIBSYNDICATE.TO.CBS29.IN.FAIL</BackOutQName>
            </MQ>
            <Remote>
              <Directory>/fns/kd/r/spool/Interfaces/NEFT/INCOMING/N04</Directory>
            </Remote>
          </MQSend>
        </Actions>
      </WatchItem>

      <WatchItem type="D">
        <Directory sendonstartup="Y">/var/iib/interface/kvgb/neft/inward/file_backup/KVGB/972</Directory>
        <Extension>TXT</Extension>
        <Actions>
          <MQSend delete="Y" format="S">
            <File>${WATCH_FOUND_FILE}</File>
            <MQ>
              <MQFile>IIB_MQFILE.xml</MQFile>
              <QueueName>IIBSYNDICATE.TO.CBS29.IN</QueueName>
              <BackOutQName>IIBSYNDICATE.TO.CBS29.IN.FAIL</BackOutQName>
            </MQ>
            <Remote>
              <Directory>/fns/kd/r/spool/Interfaces/NEFT/OUTGOING/SOD</Directory>
            </Remote>
          </MQSend>
        </Actions>
      </WatchItem>


      <WatchItem type="D">
        <Directory sendonstartup="Y">/var/iib/interface/kvgb/rtgs/inward/file_backup/KVGB/IFSC</Directory>
        <Extension>TXT</Extension>
        <Actions>
          <MQSend delete="Y" format="S">
            <File>${WATCH_FOUND_FILE}</File>
            <MQ>
              <MQFile>IIB_MQFILE.xml</MQFile>
              <QueueName>IIBSYNDICATE.TO.CBS29.IN</QueueName>
              <BackOutQName>IIBSYNDICATE.TO.CBS29.IN.FAIL</BackOutQName>
            </MQ>
            <Remote>
              <Directory>/fns/kd/r/spool/Interfaces/NEFT/IFSC/</Directory>
            </Remote>
          </MQSend>
        </Actions>
      </WatchItem>
          
                <WatchItem type="D">
        <Directory sendonstartup="Y">/var/iib/interface/kvgb/rtgs/inward/file_backup/KVGB/SOD</Directory>
        <Extension>TXT</Extension>
        <Actions>
          <MQSend delete="Y" format="S">
            <File>${WATCH_FOUND_FILE}</File>
            <MQ>
              <MQFile>IIB_MQFILE.xml</MQFile>
              <QueueName>IIBSYNDICATE.TO.CBS29.IN</QueueName>
              <BackOutQName>IIBSYNDICATE.TO.CBS29.IN.FAIL</BackOutQName>
            </MQ>
            <Remote>
              <Directory>/fns/kd/r/spool/Interfaces/RTGS/SOD/</Directory>
            </Remote>
          </MQSend>
        </Actions>
      </WatchItem>
          
                    <WatchItem type="D">
        <Directory sendonstartup="Y">/var/iib/interface/kvgb/rtgs/inward/file_backup/KVGB/EOD</Directory>
        <Extension>TXT</Extension>
        <Actions>
          <MQSend delete="Y" format="S">
            <File>${WATCH_FOUND_FILE}</File>
            <MQ>
              <MQFile>IIB_MQFILE.xml</MQFile>
              <QueueName>IIBSYNDICATE.TO.CBS29.IN</QueueName>
              <BackOutQName>IIBSYNDICATE.TO.CBS29.IN.FAIL</BackOutQName>
            </MQ>
            <Remote>
              <Directory>/fns/kd/r/spool/Interfaces/RTGS/EOD/</Directory>
            </Remote>
          </MQSend>
        </Actions>
      </WatchItem>
                  
<!--*************************************KVGB END************************************************************-->

<!--*************************************APGB START************************************************************-->
      <WatchItem type="D">
        <Directory sendonstartup="Y">/var/iib/interface/kvgb/rtgs/inward/file_backup/APGB/R41</Directory>
        <Extension>TXT</Extension>
        <Actions>
          <MQSend delete="N" format="S">
            <File>${WATCH_FOUND_FILE}</File>
            <MQ>
              <MQFile>IIB_MQFILE.xml</MQFile>
              <QueueName>IIBSYNDICATE.TO.CBS34.IN</QueueName>
              <BackOutQName>IIBSYNDICATE.TO.CBS34.IN.FAIL</BackOutQName>
            </MQ>
	    <Archive todir="/var/iib/interface/kvgb/rtgs/inward/file_backup/APGB/R41/Archive"/>
            <Remote>
              <Directory>/fns/rd/r/spool/Interfaces/RTGS/INWARD/</Directory>
            </Remote>
          </MQSend>
        </Actions>
      </WatchItem>

      <WatchItem type="D">
        <Directory sendonstartup="Y">/var/iib/interface/kvgb/neft/inward/file_backup/APGB/N02</Directory>
        <Extension>TXT</Extension>
        <Actions>
          <MQSend delete="N" format="S">
            <File>${WATCH_FOUND_FILE}</File>
            <MQ>
              <MQFile>IIB_MQFILE.xml</MQFile>
              <QueueName>IIBSYNDICATE.TO.CBS34.IN</QueueName>
              <BackOutQName>IIBSYNDICATE.TO.CBS34.IN.FAIL</BackOutQName>
            </MQ>
	    <Archive todir="/var/iib/interface/kvgb/neft/inward/file_backup/APGB/N02/Archive"/>
            <Remote>
              <Directory>/fns/rd/r/spool/Interfaces/NEFT/INCOMING/N02</Directory>
            </Remote>
          </MQSend>
        </Actions>
      </WatchItem>

      <WatchItem type="D">
        <Directory sendonstartup="Y">/var/iib/interface/kvgb/neft/inward/file_backup/APGB/N09</Directory>
        <Extension>TXT</Extension>
        <Actions>
          <MQSend delete="Y" format="S">
            <File>${WATCH_FOUND_FILE}</File>
            <MQ>
              <MQFile>IIB_MQFILE.xml</MQFile>
              <QueueName>IIBSYNDICATE.TO.CBS34.IN</QueueName>
              <BackOutQName>IIBSYNDICATE.TO.CBS34.IN.FAIL</BackOutQName>
            </MQ>
            <Remote>
              <Directory>/fns/rd/r/spool/Interfaces/RTGS/RTGS-INCOMING-RBI/</Directory>
            </Remote>
          </MQSend>
        </Actions>
      </WatchItem>
          
      <WatchItem type="D">
        <Directory sendonstartup="Y">/var/iib/interface/kvgb/neft/inward/file_backup/APGB/N10</Directory>
        <Extension>TXT</Extension>
        <Actions>
          <MQSend delete="Y" format="S">
            <File>${WATCH_FOUND_FILE}</File>
            <MQ>
              <MQFile>IIB_MQFILE.xml</MQFile>
              <QueueName>IIBSYNDICATE.TO.CBS34.IN</QueueName>
              <BackOutQName>IIBSYNDICATE.TO.CBS34.IN.FAIL</BackOutQName>
            </MQ>
            <Remote>
              <Directory>/fns/rd/r/spool/Interfaces/NEFT/INCOMING/N10-INCOMING/</Directory>
            </Remote>
          </MQSend>
        </Actions>
      </WatchItem>
          
      <WatchItem type="D">
        <Directory sendonstartup="Y">/var/iib/interface/kvgb/neft/inward/file_backup/APGB/F27</Directory>
        <Extension>TXT</Extension>
        <Actions>
          <MQSend delete="Y" format="S">
            <File>${WATCH_FOUND_FILE}</File>
            <MQ>
              <MQFile>IIB_MQFILE.xml</MQFile>
              <QueueName>IIBSYNDICATE.TO.CBS34.IN</QueueName>
              <BackOutQName>IIBSYNDICATE.TO.CBS34.IN.FAIL</BackOutQName>
            </MQ>
            <Remote>
              <Directory>/fns/rd/r/spool/Interfaces/NEFT/INCOMING/OUTGOING-RESPONSE</Directory>
            </Remote>
          </MQSend>
        </Actions>
      </WatchItem>

      <WatchItem type="D">
        <Directory sendonstartup="Y">/var/iib/interface/kvgb/neft/inward/file_backup/APGB/N04</Directory>
        <Extension>TXT</Extension>
        <Actions>
          <MQSend delete="Y" format="S">
            <File>${WATCH_FOUND_FILE}</File>
            <MQ>
              <MQFile>IIB_MQFILE.xml</MQFile>
              <QueueName>IIBSYNDICATE.TO.CBS34.IN</QueueName>
              <BackOutQName>IIBSYNDICATE.TO.CBS34.IN.FAIL</BackOutQName>
            </MQ>
            <Remote>
              <Directory>/fns/rd/r/spool/Interfaces/NEFT/INCOMING/N04</Directory>
            </Remote>
          </MQSend>
        </Actions>
      </WatchItem>

      <WatchItem type="D">
        <Directory sendonstartup="Y">/var/iib/interface/kvgb/neft/inward/file_backup/APGB/972</Directory>
        <Extension>TXT</Extension>
        <Actions>
          <MQSend delete="Y" format="S">
            <File>${WATCH_FOUND_FILE}</File>
            <MQ>
              <MQFile>IIB_MQFILE.xml</MQFile>
              <QueueName>IIBSYNDICATE.TO.CBS34.IN</QueueName>
              <BackOutQName>IIBSYNDICATE.TO.CBS34.IN.FAIL</BackOutQName>
            </MQ>
            <Remote>
              <Directory>/fns/rd/r/spool/Interfaces/NEFT/OUTGOING/SOD</Directory>
            </Remote>
          </MQSend>
        </Actions>
      </WatchItem>


      <WatchItem type="D">
        <Directory sendonstartup="Y">/var/iib/interface/kvgb/rtgs/inward/file_backup/APGB/IFSC</Directory>
        <Extension>TXT</Extension>
        <Actions>
          <MQSend delete="Y" format="S">
            <File>${WATCH_FOUND_FILE}</File>
            <MQ>
              <MQFile>IIB_MQFILE.xml</MQFile>
              <QueueName>IIBSYNDICATE.TO.CBS34.IN</QueueName>
              <BackOutQName>IIBSYNDICATE.TO.CBS34.IN.FAIL</BackOutQName>
            </MQ>
            <Remote>
              <Directory>/fns/rd/r/spool/Interfaces/NEFT/IFSC/</Directory>
            </Remote>
          </MQSend>
        </Actions>
      </WatchItem>
          
      <WatchItem type="D">
        <Directory sendonstartup="Y">/var/iib/interface/kvgb/rtgs/inward/file_backup/APGB/SOD</Directory>
        <Extension>TXT</Extension>
        <Actions>
          <MQSend delete="Y" format="S">
            <File>${WATCH_FOUND_FILE}</File>
            <MQ>
              <MQFile>IIB_MQFILE.xml</MQFile>
              <QueueName>IIBSYNDICATE.TO.CBS34.IN</QueueName>
              <BackOutQName>IIBSYNDICATE.TO.CBS34.IN.FAIL</BackOutQName>
            </MQ>
            <Remote>
              <Directory>/fns/rd/r/spool/Interfaces/RTGS/SOD/</Directory>
            </Remote>
          </MQSend>
        </Actions>
      </WatchItem>        

      <WatchItem type="D">
        <Directory sendonstartup="Y">/var/iib/interface/kvgb/rtgs/inward/file_backup/APGB/EOD</Directory>
        <Extension>TXT</Extension>
        <Actions>
          <MQSend delete="Y" format="S">
            <File>${WATCH_FOUND_FILE}</File>
            <MQ>
              <MQFile>IIB_MQFILE.xml</MQFile>
              <QueueName>IIBSYNDICATE.TO.CBS34.IN</QueueName>
              <BackOutQName>IIBSYNDICATE.TO.CBS34.IN.FAIL</BackOutQName>
            </MQ>
            <Remote>
              <Directory>/fns/rd/r/spool/Interfaces/RTGS/EOD/</Directory>
            </Remote>
          </MQSend>
        </Actions>
      </WatchItem>        

<!--*************************************APGB END************************************************************-->

    </Watch>

  </Actions>
</UFM_Workflow>
